{
    "train": {
        "box_loss": 0.74244,
        "cls_loss": 0.98723,
        "dfl_loss": 1.1962
    },
    "metrics": {
        "precision(B)": 0.5917082337660678,
        "recall(B)": 0.9359746400295571,
        "mAP50(B)": 0.9080488236094112,
        "mAP50-95(B)": 0.6473835016638092
    },
    "val": {
        "box_loss": 1.61846,
        "cls_loss": 1.13467,
        "dfl_loss": 1.34614
    },
    "lr": {
        "pg0": 1.4839299999999999e-06,
        "pg1": 1.4839299999999999e-06,
        "pg2": 1.4839299999999999e-06
    },
    "model": {
        "parameters": 2624080,
        "GFLOPs": 6.614,
        "speed_PyTorch(ms)": 22.572
    },
    "step": 29
}
